date;food;mexico;fitness club;vacation;buy a car;netflix;depression;doctor;fox news;sex;iphone;find job;food near me;insurance;education;restaurants around;petrol price;rent flat;children names;amazon;good restaurants;diet;credit cards;USA;travel;IT;unemployment benefits;alcohol;best films;books;imagine dragons;stocks;harry potter;social payments;online courses;wedding dress;clothes;cheap clothes;order food;delivery;food delivery;paid jobs;best banks;Stanford;Excel;Facebook;Trump;Elon Musk;buy car;loans;cats;dogs;tinder;bbc;late night show;presents;recipes;dairy;walmart;best songs;McDonald's;buy food;Starbucks;Taco Bell;Wendy's;news;booking;order online;beauty salon;GDP;Unemployment;Inflation
2004-01-01;41;63;100;87;47;5;80;32;9;76;0;95;0;90;97;15;0;68;59;10;15;100;86;63;100;22;6;45;95;96;0;31;13;13;65;22;82;35;22;14;15;35;23;89;53;0;2;0;62;13;46;39;1;63;21;27;82;18;8;35;18;29;13;9;9;39;33;16;57;11923.447;5.7;2.0355
2004-02-01;40;66;79;84;44;4;100;30;9;77;0;86;0;86;100;13;34;54;37;8;12;73;80;59;95;22;5;47;80;84;0;28;10;20;60;18;78;42;13;14;13;35;13;94;59;0;1;0;62;13;42;38;2;56;16;34;70;20;8;31;18;27;13;8;9;39;32;18;55;11923.447;5.6;2.21
2004-03-01;38;63;74;76;48;5;93;32;9;71;0;97;0;85;95;19;0;72;72;9;9;63;74;60;92;23;4;50;46;85;2;25;12;19;61;19;90;34;19;12;11;28;26;100;60;0;2;0;62;14;40;37;1;61;0;28;66;21;8;27;22;26;13;9;9;37;28;15;47;11923.447;5.8;2.2717391304347823
2004-04-01;40;59;72;72;56;5;97;31;10;72;0;99;0;83;100;15;0;100;47;9;11;67;83;64;89;24;4;54;50;83;0;25;13;9;60;24;74;38;16;14;12;43;11;90;59;0;3;0;67;15;41;38;1;63;36;29;64;25;8;31;23;30;13;9;10;40;31;14;58;12112.815;5.6;2.373809523809524
2004-05-01;41;67;66;84;55;5;85;32;11;79;0;92;0;85;90;13;26;66;65;9;10;74;83;59;95;24;4;44;42;82;0;22;25;5;66;21;80;38;16;14;13;40;27;96;51;0;1;0;68;15;39;39;1;63;24;34;67;24;9;36;22;27;13;9;9;40;29;17;57;12112.815;5.6;2.5125
2004-06-01;34;58;81;95;44;5;61;35;12;81;0;96;0;96;80;15;0;50;48;10;8;66;90;66;99;20;4;39;48;79;0;20;37;12;61;20;68;43;19;14;12;35;23;87;58;0;1;0;63;16;37;39;1;60;32;30;60;24;9;37;19;32;16;9;9;37;34;18;52;12112.815;5.6;2.5219047619047616
2004-07-01;31;55;77;100;45;6;58;34;13;85;0;97;0;93;77;13;0;28;31;10;20;65;94;69;98;22;4;43;49;79;1;19;19;12;61;19;74;56;8;13;13;38;34;80;56;0;1;0;66;16;44;42;0;62;16;29;65;26;9;36;17;29;16;11;10;39;35;15;55;12305.307;5.5;2.397619047619048
2004-08-01;32;52;83;76;36;5;57;34;13;80;0;97;0;100;81;19;0;37;44;11;18;53;100;77;91;21;4;41;55;88;0;20;13;6;66;20;80;49;16;14;13;34;26;80;62;0;1;0;56;15;38;39;0;59;14;29;61;23;10;36;16;28;15;10;10;41;34;18;55;12305.307;5.4;2.3513636363636365
2004-09-01;36;60;64;56;41;5;78;27;14;77;0;83;0;90;93;13;0;34;43;11;14;54;87;67;78;23;3;44;50;89;0;21;11;10;55;19;81;40;18;15;13;37;22;97;56;0;1;0;56;15;39;40;1;59;18;29;61;22;10;34;16;36;15;10;9;47;32;16;52;12305.307;5.4;2.2523809523809524
2004-10-01;38;59;64;54;42;6;77;31;17;80;0;80;0;85;90;19;14;34;60;10;14;51;81;62;75;24;3;48;50;85;0;22;11;9;51;17;89;46;20;14;13;33;38;88;61;0;1;0;49;12;39;38;0;68;31;34;72;21;10;38;23;27;17;10;9;42;27;15;56;12527.214;5.5;2.373
2004-11-01;42;58;65;56;45;6;85;33;27;84;0;83;0;80;90;15;0;40;52;13;11;49;87;62;77;25;4;49;58;90;0;26;14;18;53;17;90;41;18;15;13;33;24;94;56;0;1;0;58;13;39;41;1;71;16;57;96;19;14;39;22;37;17;8;6;46;26;15;55;12527.214;5.4;2.6215
2004-12-01;40;56;62;65;43;7;73;32;11;86;0;82;0;77;71;19;0;36;60;17;10;42;83;59;78;24;3;41;68;100;0;28;16;18;46;15;100;36;33;15;15;26;20;79;52;1;1;0;60;12;40;40;1;59;15;88;95;16;18;44;16;32;18;10;8;37;27;16;50;12527.214;5.4;2.6745454545454543
2005-01-01;40;64;98;100;38;9;68;33;11;82;0;91;0;86;85;10;28;90;66;12;12;63;83;62;97;24;4;42;72;95;0;26;12;13;67;28;90;37;21;14;13;45;22;77;56;0;2;0;56;14;40;40;1;60;14;28;71;19;11;41;19;30;16;9;11;39;31;15;49;12767.286;5.3;2.578
2005-02-01;39;63;74;87;36;8;78;33;12;77;0;85;0;80;87;18;14;45;43;11;10;52;81;58;94;24;4;44;49;86;0;28;9;12;53;23;84;39;16;14;14;38;13;81;56;1;1;0;52;12;39;40;1;51;46;32;68;21;10;41;20;27;16;10;11;39;26;15;58;12767.286;5.4;2.683157894736842
2005-03-01;39;66;73;88;35;8;75;35;11;81;0;82;0;85;89;19;33;18;55;12;12;56;81;62;93;25;3;45;47;83;0;25;13;16;57;18;89;49;12;13;14;36;19;84;62;1;1;0;51;14;38;40;1;47;19;25;65;22;11;38;23;22;16;11;17;39;31;14;56;12767.286;5.2;2.8768181818181815
2005-04-01;42;64;61;74;39;7;85;33;11;88;0;75;0;81;90;13;25;13;62;11;13;55;81;62;87;25;3;47;52;80;0;22;11;14;56;20;82;45;17;12;13;38;17;77;53;1;1;0;57;14;40;39;1;54;28;28;58;26;11;41;22;34;16;10;20;38;29;14;58;12922.656;5.2;2.77
2005-05-01;43;63;71;84;45;7;80;35;11;85;0;87;0;83;84;14;23;40;52;12;14;58;86;61;91;25;3;45;52;82;0;20;17;10;61;19;81;32;19;14;16;48;18;80;60;1;1;0;54;16;41;43;1;59;20;32;66;25;12;39;20;30;17;10;16;39;30;13;59;12922.656;5.1;2.5747619047619046
2005-06-01;36;57;76;92;47;8;61;34;13;87;0;93;0;91;75;16;24;30;31;12;14;56;90;62;95;24;3;41;50;75;0;21;19;8;56;19;76;44;14;14;14;35;25;84;64;1;1;0;61;21;37;38;1;52;13;31;62;27;13;42;18;30;19;12;13;38;29;14;56;12922.656;5.0;2.3813636363636363
2005-07-01;32;58;80;86;47;9;64;33;13;92;0;97;0;87;68;7;21;35;32;12;24;55;94;63;86;24;4;40;45;75;0;22;58;0;56;20;78;44;16;13;13;36;33;70;56;1;1;0;59;17;40;44;1;100;11;27;62;26;13;42;19;36;18;13;11;43;29;15;61;13142.642;5.0;2.3095
2005-08-01;33;53;79;77;52;10;51;31;16;83;0;81;0;91;71;18;48;22;42;13;12;51;93;64;77;24;3;41;45;81;0;21;25;11;61;20;83;48;14;14;13;35;18;69;58;1;1;0;63;18;37;39;1;62;20;29;59;25;14;39;17;27;17;11;11;44;30;14;62;13142.642;4.9;2.4121739130434783
2005-09-01;39;56;62;55;39;8;59;32;19;81;0;85;0;83;77;23;65;27;52;12;13;46;82;61;68;24;4;45;43;80;0;24;18;11;51;18;85;47;18;13;16;36;27;79;60;2;1;0;53;14;37;37;0;68;19;32;59;23;13;35;18;32;18;11;11;44;28;13;52;13142.642;5.0;2.610952380952381
2005-10-01;40;58;65;53;31;9;72;34;10;79;0;79;0;75;77;20;51;14;58;12;17;46;80;62;68;26;3;50;47;79;0;23;20;3;48;18;88;45;17;14;16;35;20;86;61;2;1;0;46;13;39;37;1;60;13;33;70;22;13;39;32;34;17;10;12;39;26;12;48;13324.204;5.0;2.633
2005-11-01;43;51;61;53;35;9;72;37;10;83;0;69;0;74;77;20;8;16;55;14;18;44;84;57;70;26;3;52;41;81;0;25;41;8;48;18;87;44;20;13;14;33;21;83;57;2;1;0;47;13;39;40;0;57;27;57;86;20;20;36;25;36;18;10;14;38;27;14;51;13324.204;5.0;2.479
2005-12-01;39;54;59;60;34;10;65;34;10;86;0;61;0;69;59;33;0;11;48;19;12;40;80;56;68;28;3;45;55;87;0;24;20;11;41;14;91;36;21;14;16;34;25;67;51;2;1;0;52;12;39;40;1;55;15;87;88;18;22;48;17;32;21;10;13;36;26;14;53;13324.204;4.9;2.307142857142857
2006-01-01;42;57;84;90;37;12;75;36;10;96;0;83;0;84;74;24;11;31;60;14;14;65;83;59;83;26;3;47;59;87;0;28;12;15;60;22;75;35;22;13;17;37;33;70;57;2;1;0;50;16;42;46;1;54;21;30;67;18;13;43;19;29;17;11;15;38;26;13;54;13599.16;4.7;2.413
2006-02-01;40;56;69;79;36;10;78;34;11;88;0;77;0;80;78;31;8;53;45;13;15;52;76;59;79;26;3;45;46;73;0;28;11;10;46;19;76;44;16;14;16;30;25;69;58;2;1;0;49;14;41;42;1;62;25;40;62;21;13;40;23;31;18;12;14;38;28;14;52;13599.16;4.8;2.5921052631578947
2006-03-01;40;62;71;80;37;10;83;36;11;85;0;66;0;81;79;26;12;26;42;13;13;54;85;56;82;27;3;46;43;72;0;29;15;7;53;19;78;38;16;12;14;34;22;72;63;2;1;0;45;16;41;42;1;61;21;32;61;23;13;41;24;28;20;13;13;37;30;12;59;13599.16;4.7;2.6243478260869564
2006-04-01;40;57;59;71;38;9;77;36;11;89;0;74;0;79;78;24;27;35;50;12;16;53;81;57;77;29;3;47;43;68;0;30;11;14;58;18;73;39;17;13;15;43;29;68;56;2;1;0;50;15;43;40;1;59;11;29;59;25;14;40;24;29;19;13;15;39;28;12;56;13753.424;4.7;2.642105263157895
2006-05-01;39;60;63;73;42;9;71;36;12;91;0;80;0;80;69;26;29;47;46;12;17;53;98;57;77;26;3;45;45;70;0;23;9;8;52;18;71;36;16;13;13;38;27;64;56;2;1;0;53;16;41;38;1;59;18;35;60;25;14;42;22;28;18;13;14;39;29;12;65;13753.424;4.6;2.694090909090909
2006-06-01;35;56;65;83;38;11;50;38;11;100;0;73;0;84;67;27;13;34;24;13;18;57;89;60;80;24;4;37;44;73;0;19;11;10;52;20;70;31;15;12;14;33;25;60;60;2;1;0;50;21;41;39;1;73;17;28;59;29;15;42;21;32;19;14;16;38;30;12;60;13753.424;4.6;2.6154545454545453
2006-07-01;33;52;71;84;39;12;47;36;14;97;0;76;0;81;59;27;16;43;36;13;16;55;94;59;81;25;4;38;53;61;0;19;11;6;48;21;76;43;11;12;15;35;38;56;59;2;1;0;56;19;43;41;1;74;21;29;58;27;16;39;25;28;19;13;14;38;29;11;63;13870.188;4.7;2.5845
2006-08-01;34;50;69;62;38;13;44;35;15;87;0;82;0;84;65;21;0;29;33;14;16;54;90;59;73;26;3;37;45;72;0;19;11;9;59;19;80;46;14;14;16;38;30;63;58;2;1;0;56;17;41;39;1;71;15;25;58;25;16;40;19;30;20;13;13;40;30;12;61;13870.188;4.7;2.554782608695652
2006-09-01;38;52;60;55;39;11;53;34;15;89;0;73;0;77;72;21;27;18;38;14;17;47;88;56;66;26;3;43;52;76;0;19;9;8;54;18;78;41;14;13;17;38;23;72;57;3;1;0;50;14;40;39;0;62;14;28;62;23;16;39;20;29;20;13;14;43;27;12;58;13870.188;4.5;2.2905
2006-10-01;40;52;60;52;32;11;70;35;14;90;0;71;0;76;69;24;0;38;41;13;19;46;88;54;66;27;3;45;56;72;0;22;10;12;45;18;80;43;16;14;17;41;23;76;59;3;1;0;46;14;40;37;1;60;16;34;72;22;17;39;36;30;20;13;14;40;27;12;56;14039.56;4.4;2.176190476190476
2006-11-01;43;50;63;52;33;12;67;34;17;94;0;70;0;71;66;23;15;40;40;16;15;45;93;56;63;26;4;42;51;69;0;23;16;8;48;16;80;36;17;13;16;26;20;64;54;3;1;0;47;13;39;37;1;61;16;57;86;18;28;43;22;32;21;13;14;42;27;13;49;14039.56;4.5;2.1742857142857144
2006-12-01;42;51;65;60;34;14;55;33;12;92;1;66;0;68;53;32;16;19;30;20;18;40;92;59;64;27;3;43;61;79;0;21;18;12;43;15;80;38;23;15;17;27;27;63;48;4;2;0;53;14;39;42;1;62;17;84;87;16;28;52;20;42;22;19;13;37;25;13;57;14039.56;4.4;2.25
2007-01-01;38;55;76;88;36;15;59;36;15;88;11;78;0;82;68;25;11;28;52;15;14;64;84;56;77;27;5;41;54;77;0;25;10;13;61;21;69;32;14;14;16;37;32;66;56;3;2;0;49;16;39;39;1;59;18;27;70;20;17;48;21;29;22;12;15;40;30;11;50;14215.651;4.6;2.2804761904761905
2007-02-01;39;55;63;79;37;13;67;34;19;88;3;65;0;77;66;28;9;30;32;14;17;55;82;55;75;27;4;42;50;66;0;26;15;11;53;21;73;42;15;16;17;34;29;65;60;4;1;0;47;15;39;40;1;60;16;30;66;21;15;48;22;32;21;15;13;45;31;12;57;14215.651;4.5;2.3694736842105266
2007-03-01;56;56;59;80;37;13;72;34;15;87;2;64;0;79;68;27;0;35;29;13;20;60;86;58;74;28;4;45;42;69;0;22;11;10;52;20;76;44;17;13;16;39;27;74;59;4;1;0;51;16;44;37;1;70;24;26;61;22;16;44;26;36;23;13;12;43;30;12;54;14215.651;4.4;2.4418181818181814
2007-04-01;56;51;55;72;40;12;64;36;19;83;2;72;0;77;67;29;20;23;40;12;14;60;85;59;72;29;4;44;43;66;0;21;14;9;55;21;70;35;18;14;17;37;25;63;57;5;1;0;51;16;41;39;0;65;15;28;61;23;16;45;25;37;20;13;13;43;30;12;54;14402.082;4.5;2.477142857142857
2007-05-01;43;53;59;76;40;11;68;36;15;78;3;79;0;81;66;32;42;36;42;13;18;57;85;59;78;28;4;41;39;65;0;20;14;8;61;20;75;38;18;15;16;44;33;64;57;5;1;0;56;16;42;39;1;64;15;31;59;26;17;50;25;37;21;13;15;41;34;12;68;14402.082;4.4;2.377727272727273
2007-06-01;38;54;60;86;38;13;44;37;16;81;15;85;0;81;56;29;17;48;37;14;19;59;90;61;78;29;5;39;54;61;0;19;24;7;58;23;70;40;17;15;17;35;33;62;58;5;1;0;57;19;42;41;1;65;18;27;58;28;19;53;25;33;22;14;18;41;34;13;61;14402.082;4.6;2.3723809523809525
2007-07-01;38;52;60;86;46;14;41;38;16;87;19;83;0;84;54;33;11;53;33;14;22;54;91;61;75;27;5;40;51;66;0;21;100;10;49;24;74;44;16;14;16;45;42;56;58;6;1;0;58;19;43;43;1;68;14;26;64;27;20;50;23;38;22;14;16;39;35;16;64;14564.117;4.7;2.289047619047619
2007-08-01;37;50;60;70;39;15;40;38;17;83;10;75;0;84;60;42;0;36;39;15;20;46;96;66;69;28;5;38;52;71;1;21;21;8;56;22;73;46;14;14;17;47;40;56;61;7;1;0;55;21;43;40;1;67;13;27;65;26;20;48;23;33;23;13;14;40;34;13;65;14564.117;4.6;2.043913043478261
2007-09-01;39;50;57;55;36;14;57;38;16;78;16;72;0;77;65;30;0;49;39;15;22;50;86;63;63;30;5;41;51;70;0;20;11;9;51;21;76;44;16;15;18;44;29;72;62;8;1;0;53;16;40;40;1;70;12;28;63;22;18;49;25;34;22;13;14;43;34;13;61;14564.117;4.7;2.056315789473684
2007-10-01;41;49;50;51;32;12;61;38;17;82;13;75;0;76;66;31;14;41;43;13;20;49;92;60;59;28;5;47;46;66;0;26;11;10;48;19;76;52;20;15;16;45;29;78;64;8;1;0;49;16;41;38;1;68;18;32;68;21;18;48;50;35;23;18;15;44;33;13;58;14715.058;4.7;2.1913636363636364
2007-11-01;44;49;56;51;36;13;64;35;15;82;13;70;0;72;63;30;21;37;41;18;19;44;90;56;55;29;5;43;46;72;0;24;9;13;46;18;81;53;19;15;16;43;29;71;61;8;1;0;53;14;43;38;1;68;13;53;87;19;32;53;27;41;25;12;14;40;32;14;53;14715.058;4.7;2.3145
2007-12-01;44;47;59;57;39;15;56;36;15;83;14;66;0;66;50;39;15;34;39;23;20;40;90;57;58;30;6;42;71;79;0;21;14;9;42;17;84;51;24;16;20;37;28;63;54;9;1;0;58;14;45;40;1;65;13;76;88;18;33;63;22;48;28;11;14;41;29;15;54;14715.058;5.0;2.2155
2008-01-01;43;56;75;83;40;17;60;39;21;80;15;93;0;81;63;36;27;49;35;16;20;62;86;59;68;31;7;41;64;74;0;29;9;8;65;24;72;43;19;15;19;52;30;63;63;8;1;0;56;17;42;42;1;73;24;27;69;20;18;60;26;44;25;14;16;45;35;13;54;14706.538;5.0;2.1228571428571428
2008-02-01;40;54;54;77;39;15;64;39;21;78;14;82;0;73;64;36;13;48;49;14;22;51;77;60;69;31;6;40;62;67;0;26;7;11;48;24;72;52;18;17;19;43;36;64;67;7;1;0;50;15;41;40;1;69;20;30;59;21;18;59;27;41;27;17;14;44;36;13;58;14706.538;4.9;2.131
2008-03-01;46;56;56;76;40;17;65;38;21;82;15;78;0;72;62;41;31;39;44;14;23;53;89;60;67;29;6;43;48;63;0;27;8;13;51;22;74;52;18;15;17;47;37;71;65;8;1;0;55;16;42;41;1;67;17;26;65;22;19;55;26;41;23;15;17;44;38;13;56;14706.538;5.1;2.256
2008-04-01;43;53;59;69;38;14;69;39;19;81;13;80;0;74;66;34;35;32;43;14;23;57;80;61;66;32;7;43;55;66;0;25;8;15;53;22;68;51;17;15;17;50;33;70;68;9;1;0;51;17;47;38;1;71;17;29;55;27;18;55;31;41;26;15;18;43;35;12;66;14865.701;5.0;2.2259090909090906
2008-05-01;43;53;54;70;45;15;60;39;19;88;14;82;0;68;58;37;68;43;38;15;24;49;80;60;68;32;6;40;47;64;0;22;9;12;53;23;70;46;19;16;17;49;30;56;61;9;1;0;62;15;44;39;1;66;12;31;54;28;20;59;30;38;23;16;16;40;36;13;65;14865.701;5.4;2.3604761904761906
2008-06-01;41;50;57;82;44;17;46;43;19;88;22;93;0;76;50;30;80;45;34;15;23;49;78;64;65;32;9;36;48;58;0;19;9;14;54;28;73;50;18;15;17;57;38;57;64;11;1;0;62;16;43;40;1;61;19;30;54;27;23;59;30;45;23;16;17;41;40;13;63;14865.701;5.6;2.516190476190476
2008-07-01;41;48;52;79;44;17;45;42;20;81;32;97;0;77;49;35;37;32;37;15;27;51;80;65;65;31;8;38;58;59;0;22;15;12;50;25;71;58;15;15;16;51;58;54;70;14;1;0;63;18;41;41;1;59;17;27;57;28;23;58;28;42;32;16;16;43;38;13;57;14898.999;5.8;2.462727272727273
2008-08-01;40;46;49;62;41;16;39;39;25;80;27;79;0;74;53;35;23;46;42;17;28;49;82;79;54;29;8;34;50;65;0;17;12;14;55;23;73;60;17;15;17;48;43;55;66;15;1;0;57;18;42;39;1;71;16;27;56;25;23;59;26;37;20;14;14;45;40;13;59;14898.999;6.1;1.993809523809524
2008-09-01;43;50;47;47;38;15;69;36;36;73;22;80;0;73;65;30;22;37;49;17;24;46;84;62;50;31;11;39;44;70;0;29;7;9;54;22;72;60;17;14;16;49;51;69;70;17;1;0;51;16;39;38;1;72;17;27;66;21;21;57;30;39;21;15;12;53;36;13;55;14898.999;6.1;1.330952380952381
2008-10-01;44;51;42;45;37;17;82;37;39;76;20;84;0;78;62;37;35;33;51;17;23;48;80;62;48;32;15;43;63;68;0;45;7;12;49;24;79;66;17;15;16;54;42;66;74;18;1;0;50;15;39;39;1;68;25;31;78;22;24;58;56;44;23;18;17;51;36;14;51;14608.208;6.5;-0.0277272727272727
2008-11-01;47;51;42;46;44;20;73;37;37;74;21;74;0;66;54;30;26;32;53;21;23;45;76;59;48;34;19;44;51;72;0;30;9;9;49;20;77;66;21;15;18;50;34;64;63;22;1;0;60;13;42;41;1;75;18;47;95;19;36;64;37;51;29;14;14;49;38;15;52;14608.208;6.8;-1.3988888888888888
2008-12-01;46;50;49;54;48;23;62;38;25;77;21;73;0;69;47;39;19;33;52;28;25;44;80;57;51;33;18;42;71;82;0;25;9;9;46;19;82;61;23;16;19;44;36;58;59;25;1;0;72;15;44;42;1;64;20;76;92;19;45;73;27;50;25;13;11;48;38;17;50;14608.208;7.3;-0.24
2009-01-01;46;56;67;76;46;25;67;42;30;73;18;100;0;76;59;33;17;45;50;20;31;65;70;62;58;35;25;42;77;76;1;23;7;15;63;27;71;61;20;15;20;57;38;60;69;29;1;0;67;16;42;45;1;71;18;29;86;19;25;70;30;49;25;15;13;47;44;16;51;14430.901;7.8;0.0115
2009-02-01;45;57;50;66;45;23;76;39;25;72;18;88;0;75;63;39;16;28;56;18;29;55;72;60;56;34;25;45;69;70;0;24;6;14;56;25;66;66;16;17;18;56;45;82;79;34;1;0;62;15;41;43;1;68;36;30;69;21;23;64;34;50;21;15;12;45;43;14;51;14430.901;8.3;0.5821052631578947
2009-03-01;43;63;48;71;49;22;78;41;25;75;19;88;0;80;65;34;12;39;52;18;28;55;76;60;59;35;21;48;60;71;0;32;9;16;57;24;71;64;16;15;18;48;47;69;76;37;1;0;65;15;43;45;1;67;46;26;68;25;24;66;38;49;19;15;13;45;41;16;53;14430.901;8.7;0.5886363636363636
2009-04-01;43;61;41;60;49;20;68;38;30;71;18;85;0;76;62;32;0;29;45;16;29;53;72;60;57;36;18;46;59;68;0;26;9;16;55;22;64;59;18;15;16;50;41;63;76;38;1;0;63;16;43;42;0;69;22;27;64;28;21;65;38;49;20;15;14;44;41;14;56;14381.236;9.0;0.7476190476190476
2009-05-01;42;55;47;65;51;21;57;40;23;77;21;88;0;70;58;40;0;41;47;17;32;55;73;52;57;35;17;45;62;67;0;24;10;14;62;25;63;61;18;16;16;57;48;58;67;39;1;0;67;16;45;42;0;61;29;29;65;30;23;72;34;48;20;16;13;43;41;16;56;14381.236;9.4;1.063
2009-06-01;40;53;49;78;54;21;47;39;27;75;37;89;0;81;51;41;13;44;64;17;29;51;74;63;57;36;19;43;63;64;0;21;13;10;57;25;60;56;17;15;16;54;40;56;77;44;1;0;66;17;42;41;1;75;42;27;69;32;24;75;33;51;19;16;16;43;42;17;59;14381.236;9.5;1.5259090909090909
2009-07-01;40;55;44;83;59;26;47;40;25;77;28;90;0;83;48;43;20;53;65;18;30;53;77;64;58;36;19;40;56;68;0;17;43;9;58;24;65;65;15;16;17;58;50;52;75;48;1;0;75;18;41;45;1;65;25;24;74;30;25;74;36;53;21;20;15;42;39;17;56;14448.882;9.5;1.2840909090909092
2009-08-01;41;57;48;65;56;25;44;41;24;72;26;87;0;80;54;49;13;42;41;18;33;51;81;63;52;36;20;41;65;72;0;20;13;14;64;22;67;71;16;15;17;57;46;53;71;54;1;0;74;17;39;46;1;60;19;25;73;29;25;71;35;50;20;14;13;41;42;16;59;14448.882;9.6;1.2814285714285714
2009-09-01;43;58;41;48;41;24;51;40;25;73;26;86;0;80;62;46;18;53;43;17;32;46;69;63;47;36;19;44;56;73;0;22;8;10;61;23;67;69;20;15;17;55;45;67;82;56;1;0;59;14;38;42;1;62;29;26;72;25;25;74;34;50;20;15;13;44;43;17;54;14448.882;9.8;1.3433333333333333
2009-10-01;46;60;41;45;45;25;58;42;25;68;24;80;0;74;56;43;11;44;58;18;33;49;70;64;45;41;23;45;71;74;1;23;9;13;57;27;69;77;19;17;19;55;41;70;83;57;1;0;58;14;41;41;1;63;23;29;80;24;27;75;56;50;22;16;13;42;42;17;53;14651.248;10.0;1.5004761904761903
2009-11-01;48;56;41;46;41;28;63;41;25;76;23;67;0;69;58;42;15;43;55;23;33;46;73;64;44;42;23;46;62;77;0;20;9;10;54;28;66;65;20;16;18;49;35;78;77;61;1;0;58;13;44;45;1;60;33;45;98;21;45;81;37;54;22;15;12;41;41;19;51;14651.248;9.9;1.7463157894736843
2009-12-01;44;56;48;54;41;32;58;40;22;77;23;62;0;67;46;46;9;36;51;30;34;43;64;59;44;38;18;46;83;82;0;19;13;14;51;25;68;68;23;18;20;40;37;59;71;60;1;0;78;13;44;45;1;63;24;84;99;18;44;100;32;53;23;14;13;40;41;19;54;14651.248;9.9;1.908636363636364
2010-01-01;45;63;58;75;44;35;58;48;26;69;23;84;0;74;57;38;6;42;48;20;36;65;68;61;53;41;18;42;87;78;0;22;9;14;70;29;64;67;20;17;20;56;45;60;80;65;1;0;53;15;41;45;1;71;54;25;90;20;26;90;38;53;22;25;12;44;45;19;53;14764.611;9.8;2.066315789473684
2010-02-01;43;63;48;68;46;34;62;42;23;67;22;77;0;73;61;45;21;53;58;19;38;56;73;77;50;42;19;44;71;69;0;21;8;14;57;28;66;75;20;20;21;51;46;55;89;66;1;0;63;13;39;42;1;68;20;27;81;23;24;87;38;49;20;17;11;44;44;18;56;14764.611;9.8;1.9478947368421051
2010-03-01;45;71;45;67;48;36;64;44;24;68;23;74;0;77;62;46;23;59;55;17;36;57;64;61;53;42;21;43;74;66;0;24;9;14;61;24;68;62;18;17;18;55;46;60;91;64;1;0;56;14;38;40;1;63;22;26;74;26;25;83;40;50;22;17;13;42;44;17;56;14764.611;9.9;1.8717391304347823
2010-04-01;42;65;42;60;45;35;63;46;21;73;29;77;0;72;60;42;15;60;59;19;40;55;59;59;52;44;19;46;64;67;0;22;7;13;67;25;64;63;19;17;17;52;41;58;87;70;1;0;53;14;41;42;1;76;20;26;70;36;24;86;40;50;24;19;13;40;42;18;57;14980.193;9.9;1.9609090909090907
2010-05-01;43;82;47;69;47;39;58;45;22;82;26;79;0;68;56;49;15;57;51;19;39;55;57;66;54;42;16;43;70;66;0;20;8;9;63;27;72;58;21;18;18;57;41;54;91;73;1;0;60;13;41;42;0;81;19;30;67;33;25;93;39;53;24;18;13;41;47;18;59;14980.193;9.6;1.7705
2010-06-01;39;90;45;79;48;40;44;44;22;77;53;78;0;74;46;49;23;74;39;17;42;51;64;77;52;39;22;41;71;63;0;15;14;12;57;25;66;60;18;17;18;51;44;48;90;77;1;1;64;14;38;40;1;79;17;27;67;32;27;78;46;53;22;19;13;40;53;18;58;14980.193;9.4;1.6518181818181819
2010-07-01;40;60;42;69;49;43;41;41;21;93;54;75;0;68;41;53;44;61;34;19;43;48;60;57;48;42;29;42;67;58;0;15;17;13;47;32;66;62;15;16;18;51;43;42;73;86;1;0;58;15;41;45;1;61;16;23;64;32;28;80;48;54;25;21;18;39;44;17;59;15141.605;9.4;1.4223809523809523
2010-08-01;43;60;41;54;48;42;41;41;21;94;44;73;0;66;44;50;18;72;39;20;42;50;60;53;46;42;14;40;64;64;0;14;10;11;55;31;63;70;14;17;19;54;42;46;77;87;1;0;60;14;40;42;1;62;17;23;64;33;28;79;45;53;24;23;17;39;43;16;61;15141.605;9.5;1.3363636363636364
2010-09-01;42;64;39;40;44;44;45;40;21;86;39;76;0;66;52;43;16;67;47;21;36;49;54;54;40;43;11;41;65;64;0;17;10;11;46;23;63;61;18;16;20;49;35;62;87;94;1;0;59;12;36;39;1;61;16;25;64;28;26;77;43;55;26;20;17;41;38;15;51;15141.605;9.5;1.279047619047619
2010-10-01;41;60;37;36;42;46;52;40;22;84;36;73;0;64;48;40;16;72;50;22;37;47;58;52;41;47;11;47;65;61;0;19;13;11;44;22;66;63;19;17;19;47;35;70;80;94;1;0;48;12;39;39;0;68;17;27;69;26;29;76;59;53;27;20;17;39;38;17;53;15309.471;9.4;1.507
2010-11-01;44;55;38;38;44;49;55;40;24;84;37;60;0;60;48;46;15;68;54;31;37;43;56;53;39;45;13;46;61;68;0;19;40;10;43;23;62;68;22;16;20;47;36;65;79;97;1;0;57;12;38;38;1;69;21;41;83;23;46;76;44;59;31;19;17;40;37;18;53;15309.471;9.8;1.5555
2010-12-01;43;53;42;46;49;54;47;39;20;87;37;59;0;57;38;40;23;53;48;36;36;42;57;49;38;44;18;45;82;76;0;18;19;14;37;20;62;59;22;18;20;43;35;53;70;100;1;0;62;11;39;40;1;75;20;72;88;20;49;86;39;60;33;18;16;38;38;18;56;15309.471;9.3;1.7295454545454545
2011-01-01;47;45;61;70;54;70;58;45;26;74;46;76;0;72;50;43;23;41;57;32;45;73;62;55;48;51;13;46;91;79;1;24;12;14;52;34;62;67;23;19;24;54;42;73;72;85;1;0;59;14;41;43;1;63;21;27;94;26;33;94;48;65;37;33;18;47;32;17;60;15351.444;9.1;1.9305
2011-02-01;49;50;51;65;60;71;62;54;27;74;44;74;0;68;55;52;23;29;64;33;52;67;61;55;50;54;13;51;80;70;0;24;10;15;48;30;63;74;25;22;26;51;43;54;83;87;1;0;68;13;42;45;1;74;22;27;83;28;36;94;47;68;32;27;17;46;36;20;65;15351.444;9.0;2.0110526315789476
2011-03-01;48;48;46;61;59;67;63;52;29;71;42;75;0;71;55;51;30;31;59;29;46;65;60;60;49;52;11;49;70;69;0;25;12;13;49;29;62;69;20;18;23;51;38;57;80;82;2;0;65;13;41;45;1;86;17;24;73;33;32;88;51;66;33;28;19;50;33;18;65;15351.444;9.0;2.2017391304347824
2011-04-01;48;43;44;56;54;69;63;54;25;70;42;75;0;68;53;51;24;34;54;30;50;70;59;55;45;53;11;51;64;67;0;22;16;17;53;94;62;61;23;18;23;53;40;56;74;86;4;0;59;13;48;46;1;75;17;29;72;38;33;92;63;67;34;25;27;46;35;19;71;15557.535;9.1;2.3115
2011-05-01;47;45;47;59;59;72;60;55;29;72;41;80;0;68;52;50;41;33;62;30;48;69;63;59;48;54;10;50;61;70;0;19;13;12;53;49;61;60;21;20;22;54;40;55;72;86;3;0;64;13;45;46;1;73;21;28;71;39;35;93;52;66;37;26;30;44;38;20;70;15557.535;9.0;2.177619047619048
2011-06-01;46;59;49;74;58;81;49;53;24;79;41;78;0;71;43;54;18;40;47;33;54;64;66;63;47;52;11;49;65;65;0;16;16;13;53;34;60;60;21;18;20;58;50;49;75;85;1;0;66;14;47;49;1;55;22;26;74;41;37;92;56;66;35;28;36;47;43;18;69;15557.535;9.1;1.9554545454545451
2011-07-01;49;47;46;70;64;88;47;46;27;80;44;80;0;70;38;58;17;34;48;34;59;62;68;67;47;51;11;50;66;68;0;17;57;21;49;37;60;75;20;19;24;55;45;47;74;95;1;0;70;15;48;52;1;62;19;23;81;42;41;94;59;65;33;27;36;45;45;19;73;15647.681;9.0;2.032
2011-08-01;48;43;42;58;61;74;48;52;29;74;44;79;0;72;44;51;19;37;51;35;52;58;66;60;45;54;12;49;62;73;0;25;18;15;58;54;70;79;21;18;24;58;53;50;73;91;1;0;70;17;45;48;1;71;18;26;80;39;40;82;54;69;36;26;38;50;43;21;73;15647.681;9.0;1.769130434782609
2011-09-01;50;44;42;42;54;67;54;52;25;75;49;77;0;69;48;53;47;27;48;36;46;57;63;59;40;52;11;50;57;72;0;18;12;16;44;32;67;71;20;19;24;58;43;67;84;92;1;0;59;14;44;50;1;63;17;25;80;31;38;84;55;61;37;26;40;45;39;19;65;15647.681;9.0;1.6157142857142857
2011-10-01;50;43;40;39;54;68;55;50;24;73;83;65;0;69;47;51;19;30;58;35;48;55;64;54;39;54;10;51;68;66;0;18;12;14;44;33;68;71;22;19;25;53;48;91;79;89;1;0;61;14;44;47;1;61;18;26;84;32;39;81;73;65;37;27;43;46;36;17;66;15842.267;8.8;1.696
2011-11-01;53;42;43;39;56;62;59;47;25;74;55;63;0;64;47;49;35;32;60;47;48;58;67;56;39;57;9;51;62;68;0;18;16;13;44;34;70;77;24;19;24;53;40;95;74;89;1;0;64;14;45;47;1;61;18;52;97;29;66;86;54;69;44;24;38;43;34;19;65;15842.267;8.6;1.761
2011-12-01;50;40;48;50;57;73;53;47;23;76;59;61;0;59;37;51;12;26;50;57;49;51;63;56;38;64;10;50;81;78;0;18;14;15;41;28;67;73;25;22;27;48;39;57;62;89;1;0;68;13;47;50;1;60;17;94;100;24;64;91;53;72;45;24;40;41;30;19;68;15842.267;8.5;1.6695238095238096
2012-01-01;50;45;63;61;55;75;58;49;26;72;52;83;0;69;50;50;11;38;59;45;49;79;61;56;48;57;10;51;86;74;0;19;11;17;55;40;66;71;23;21;30;59;44;70;74;89;1;0;74;14;47;51;1;66;20;24;96;31;41;85;58;67;38;28;30;46;39;18;65;16068.824;8.3;1.757
2012-02-01;49;42;50;58;58;66;60;46;25;70;45;69;0;69;48;51;18;25;63;41;57;69;56;54;43;55;9;52;68;66;1;22;9;14;48;32;63;73;24;22;30;47;40;56;80;90;1;0;67;12;45;48;1;61;23;26;83;32;41;86;56;69;36;28;17;45;36;19;69;16068.824;8.3;1.9455
2012-03-01;49;49;45;56;59;64;60;47;25;73;47;68;0;67;46;54;29;29;55;38;50;66;59;56;41;56;7;51;61;64;3;20;8;16;49;31;64;77;23;20;29;49;37;59;71;83;1;1;66;13;47;46;0;57;20;22;70;42;38;76;56;66;36;32;19;43;37;17;70;16068.824;8.2;2.045909090909091
2012-04-01;51;44;41;53;58;63;64;47;25;74;45;70;0;65;47;54;23;37;52;39;54;68;63;53;43;58;8;55;64;63;5;18;8;14;54;33;63;74;24;20;30;63;40;57;74;85;1;2;68;14;48;52;1;58;21;23;75;39;37;83;59;65;35;29;20;42;37;18;67;16207.13;8.2;1.9523809523809523
2012-05-01;49;45;45;58;60;61;58;50;24;75;46;74;1;65;45;56;60;34;54;40;55;63;64;54;44;56;7;50;59;64;7;19;8;13;56;31;63;72;23;22;30;59;42;49;74;83;1;2;69;14;45;47;1;56;21;24;75;44;39;83;56;69;40;30;26;43;40;18;69;16207.13;8.2;1.885
2012-06-01;51;47;46;67;64;69;46;50;26;78;51;75;1;72;37;58;23;39;47;40;63;63;64;63;46;56;8;51;58;62;10;14;8;11;56;35;63;72;21;21;30;63;46;49;74;85;1;1;68;15;48;54;1;58;21;24;76;44;42;82;59;67;39;32;24;44;41;17;72;16207.13;8.2;1.759047619047619
2012-07-01;53;47;47;61;68;70;45;51;28;82;52;75;1;71;34;62;17;36;48;42;64;65;71;78;44;57;9;51;67;62;15;14;9;13;56;36;70;91;21;20;33;66;55;44;70;87;1;1;74;15;48;53;1;65;20;20;79;42;44;84;62;75;40;39;24;48;41;18;70;16319.54;8.2;1.7671428571428571
2012-08-01;49;52;46;51;69;62;47;54;28;79;54;70;1;71;43;58;14;39;47;44;60;61;68;74;40;56;7;55;67;66;22;14;8;13;57;35;67;100;23;21;31;65;45;48;76;85;1;1;73;15;46;54;1;69;21;22;73;38;41;80;61;73;38;32;23;44;41;22;69;16319.54;8.1;1.906086956521739
2012-09-01;50;42;41;38;64;64;52;59;31;75;100;73;1;65;45;49;28;43;49;46;57;55;65;59;37;55;8;53;65;65;39;16;7;14;53;34;69;87;26;21;30;64;40;68;76;79;1;1;69;13;46;50;1;65;20;24;73;39;41;79;56;72;42;29;20;47;39;21;61;16319.54;7.8;2.139473684210526
2012-10-01;51;40;38;36;53;66;58;55;45;77;59;65;1;66;48;45;16;32;53;42;51;51;60;57;35;58;9;48;64;61;32;16;7;13;51;34;68;87;25;20;28;61;36;64;82;99;3;1;60;12;45;47;1;66;25;27;76;33;40;77;65;66;41;33;25;55;40;21;66;16420.386;7.8;2.1742857142857144
2012-11-01;51;41;39;37;57;70;57;50;51;76;57;62;1;65;43;51;14;31;50;60;50;49;66;59;34;58;9;51;65;63;32;17;8;15;49;26;70;88;25;21;29;60;35;70;70;100;1;1;68;12;46;51;1;69;21;50;92;30;74;74;53;71;46;28;18;57;38;21;58;16420.386;7.7;2.048
2012-12-01;48;41;43;47;57;81;52;53;38;80;57;53;1;54;35;50;10;27;100;67;53;48;63;57;36;55;14;52;80;65;48;15;8;17;44;25;69;82;27;21;32;46;34;54;58;96;1;1;66;12;46;54;1;65;22;82;89;28;71;87;54;75;49;29;17;53;36;23;59;16420.386;7.9;2.0955
2013-01-01;51;43;56;59;58;79;58;59;34;79;51;77;1;66;43;50;15;35;54;52;55;77;64;57;41;59;14;55;88;64;51;20;7;21;63;37;69;80;27;22;33;63;42;60;76;99;1;1;71;14;49;51;8;68;23;21;88;34;42;83;56;73;39;34;23;49;43;23;56;16629.05;8.0;2.190952380952381
2013-02-01;50;42;45;55;63;72;59;54;37;76;49;67;1;66;45;55;13;31;60;45;60;69;55;53;42;59;9;55;75;58;70;20;7;16;53;32;68;89;26;26;32;61;40;49;84;94;1;1;73;12;46;51;9;66;25;22;74;34;42;79;53;68;38;34;19;52;45;23;65;16629.05;7.7;2.233684210526316
2013-03-01;51;48;45;56;58;73;59;54;32;73;48;64;1;64;44;55;14;31;50;48;63;67;57;57;42;60;8;56;64;59;79;19;8;17;53;32;64;91;26;21;32;60;43;52;76;95;1;1;68;12;45;48;7;66;30;18;77;39;42;78;58;70;43;36;18;49;47;22;63;16629.05;7.5;2.246
2013-04-01;52;43;42;52;60;65;63;59;48;75;46;70;1;67;47;54;13;34;52;47;56;69;60;55;43;62;6;54;62;58;73;18;7;14;54;29;65;80;26;22;29;63;39;51;82;93;1;1;68;13;46;47;7;72;29;20;68;44;40;78;65;67;39;33;23;61;49;22;63;16699.551;7.6;2.0904545454545453
2013-05-01;51;42;43;53;68;67;54;61;39;79;45;65;1;67;44;55;15;33;50;45;58;64;62;53;42;60;8;54;62;58;89;18;8;13;56;33;64;75;26;23;28;65;41;47;72;93;1;2;71;14;49;53;8;64;19;23;66;46;43;81;62;66;48;34;24;52;50;22;67;16699.551;7.5;1.9818181818181817
2013-06-01;50;47;42;60;62;72;47;56;31;78;53;66;2;63;33;57;17;32;47;50;61;64;64;60;42;58;9;50;65;56;86;14;7;13;55;34;65;70;23;21;30;60;46;44;67;89;1;1;71;14;48;53;8;65;19;20;71;48;46;79;65;67;42;37;27;49;49;22;68;16699.551;7.5;1.793
2013-07-01;53;45;47;62;67;74;46;53;39;76;49;70;2;70;33;66;24;43;49;52;66;59;65;62;43;63;8;54;69;54;84;15;9;13;54;35;67;82;23;22;31;62;51;43;73;94;1;2;73;16;50;56;13;75;22;20;78;48;48;84;75;71;45;38;30;55;54;22;64;16911.068;7.3;1.857727272727273
2013-08-01;49;42;43;49;68;72;43;69;33;77;49;65;2;71;38;65;29;38;44;52;63;58;68;57;41;60;7;53;68;62;69;15;8;15;65;34;72;90;24;22;32;66;46;47;72;90;1;5;77;16;51;56;12;75;21;19;72;45;46;88;72;66;43;37;25;50;53;23;69;16911.068;7.2;1.8531818181818185
2013-09-01;49;50;40;37;62;72;49;55;34;70;80;67;2;73;42;52;28;39;49;52;56;54;61;58;37;60;8;49;65;60;68;19;9;16;53;31;68;80;26;22;31;62;40;63;79;87;1;2;70;12;47;53;11;72;25;21;73;42;46;79;59;65;49;31;23;53;47;23;62;16911.068;7.2;1.7675
2013-10-01;53;44;36;35;59;68;57;57;37;71;50;66;2;81;44;53;16;33;49;47;55;52;59;55;35;60;9;50;71;54;72;20;7;30;52;30;69;85;27;22;30;60;39;69;89;79;1;2;68;12;46;50;12;69;20;25;74;37;46;78;58;69;43;32;26;54;45;22;60;17133.114;7.2;1.7772727272727271
2013-11-01;52;45;39;38;61;75;55;82;30;72;49;59;3;66;38;61;13;31;51;58;57;47;68;53;35;55;7;51;74;60;92;20;8;15;48;28;73;81;32;26;33;58;36;84;75;73;0;2;71;12;48;53;13;69;23;49;91;34;74;78;59;71;57;31;25;52;44;25;61;17133.114;6.9;1.753157894736842
2013-12-01;48;39;42;49;66;84;53;65;29;80;49;55;3;63;33;62;12;33;50;74;51;45;68;54;38;60;9;50;92;64;76;20;9;19;45;24;71;78;30;27;37;58;46;57;65;77;1;1;73;12;48;49;16;70;25;87;83;30;76;89;58;69;56;31;23;50;43;27;64;17133.114;6.7;1.6695238095238096
2014-01-01;49;46;54;59;57;86;58;60;32;74;43;70;3;72;42;57;15;33;34;54;58;71;64;57;46;61;23;52;100;65;98;25;8;20;67;40;64;74;27;26;36;70;48;64;82;76;1;1;70;13;49;53;22;75;41;22;87;35;42;88;58;67;44;36;25;53;50;26;59;17144.281;6.6;1.738095238095238
2014-02-01;48;43;45;52;65;74;64;55;31;77;41;63;2;72;45;65;12;33;34;49;67;62;59;73;46;61;18;50;70;56;100;24;7;19;52;30;64;83;29;29;37;58;45;49;89;72;1;2;77;12;46;51;35;66;100;23;79;36;44;82;56;68;46;38;23;55;50;27;66;17144.281;6.7;1.7742105263157897
2014-03-01;49;46;43;55;70;70;65;54;33;78;43;65;3;74;42;69;19;37;37;49;66;62;63;55;42;67;14;50;78;57;57;24;8;16;57;31;69;79;31;25;36;68;47;62;84;71;1;3;73;13;45;51;34;81;45;20;71;41;42;86;61;66;44;49;25;57;52;25;62;17144.281;6.7;1.7771428571428571
2014-04-01;52;45;39;49;63;64;63;55;31;84;40;66;3;74;44;65;17;40;34;48;63;59;69;61;41;64;14;51;70;55;38;21;8;15;53;32;65;76;29;25;32;69;43;51;86;71;1;2;68;13;44;54;37;71;44;19;66;45;42;79;60;65;46;47;25;53;53;25;65;17462.703;6.2;1.8085714285714287
2014-05-01;50;47;40;54;65;63;63;56;27;82;42;65;4;69;41;67;18;43;36;49;71;57;68;53;44;66;9;53;67;56;44;17;8;15;58;40;66;68;29;26;32;72;46;50;80;70;1;2;72;12;46;68;33;73;32;23;62;49;45;86;60;65;51;39;27;51;56;26;69;17462.703;6.3;1.9357142857142855
2014-06-01;49;84;43;65;70;72;47;55;29;92;45;66;4;67;35;70;23;44;29;52;67;53;69;100;45;57;9;51;69;55;34;16;8;14;58;39;64;69;27;24;32;63;53;45;84;72;1;3;74;14;48;66;39;80;26;21;64;50;48;82;61;67;47;41;29;50;59;25;62;17462.703;6.1;1.9704761904761905
2014-07-01;52;44;40;61;73;69;47;59;29;92;46;64;4;69;33;72;22;52;29;52;69;53;69;74;45;61;7;52;73;54;29;16;13;14;48;38;68;81;27;24;33;70;55;43;84;71;1;2;79;14;48;58;49;87;26;20;68;52;51;86;62;69;47;42;28;55;65;26;64;17743.227;6.2;1.9709090909090907
2014-08-01;49;40;37;49;73;73;61;68;32;89;49;62;4;68;40;70;27;49;28;53;65;48;71;58;41;57;6;51;70;56;24;15;8;14;59;32;71;79;26;25;33;63;51;47;78;73;1;3;77;14;47;55;42;86;25;19;66;49;48;81;56;66;44;40;26;56;59;27;67;17743.227;6.1;1.8414285714285716
2014-09-01;49;44;35;39;59;64;60;58;31;84;99;62;4;68;44;59;33;43;34;51;58;49;65;56;37;69;6;49;61;60;34;18;7;15;55;44;67;78;32;24;35;65;44;63;90;73;1;2;68;12;47;52;51;89;28;21;67;41;45;78;55;67;48;35;23;57;54;27;59;17743.227;5.9;1.6766666666666667
2014-10-01;48;38;33;34;58;61;59;60;32;82;50;57;4;67;41;65;40;46;34;52;56;43;62;55;36;59;6;49;66;57;31;20;9;17;47;32;66;72;31;23;31;58;41;61;91;68;1;3;64;11;48;50;49;78;25;25;65;35;45;75;63;62;44;35;23;52;50;26;58;17852.54;5.7;1.4813636363636364
2014-11-01;51;45;34;37;60;67;62;54;37;92;51;51;5;64;39;61;46;50;34;65;60;41;69;53;35;61;5;52;76;57;35;19;8;14;47;29;70;80;32;27;36;60;37;62;84;69;1;2;68;11;51;51;50;78;24;49;82;36;73;76;54;66;60;36;23;53;48;29;56;17852.54;5.8;1.4777777777777779
2014-12-01;50;40;38;52;59;75;58;52;32;92;52;47;5;65;34;67;57;36;37;79;56;41;68;51;37;61;5;50;85;62;32;22;10;19;44;24;69;70;34;27;36;56;40;48;74;68;1;2;70;11;47;54;49;76;33;91;77;34;75;85;57;68;60;37;24;49;50;32;58;17852.54;5.6;1.2745454545454544
2015-01-01;50;43;49;56;65;75;60;55;33;95;45;63;5;70;39;68;80;47;38;58;60;61;65;54;44;62;5;51;81;62;32;22;9;18;57;35;64;67;32;25;38;66;46;53;84;64;1;4;67;12;47;54;53;79;32;20;78;38;45;82;54;63;47;39;25;55;58;30;59;17991.348;5.7;1.2085
2015-02-01;49;41;39;51;65;68;66;51;33;95;39;55;5;76;43;72;64;43;42;53;68;50;60;57;42;63;5;50;79;55;77;22;8;15;48;31;67;75;34;29;40;58;45;51;93;63;1;3;72;11;50;50;57;78;38;21;66;38;43;84;54;60;42;36;23;55;59;30;65;17991.348;5.5;1.3621052631578947
2015-03-01;50;44;38;55;66;64;68;54;28;89;39;60;6;70;43;79;38;45;35;54;66;54;64;56;43;63;5;53;67;53;42;20;8;16;51;33;65;75;32;26;33;59;47;50;96;64;1;2;71;12;50;52;50;81;31;20;65;54;44;76;55;62;48;40;24;54;60;30;75;17991.348;5.4;1.4772727272727273
2015-04-01;52;44;35;49;63;68;70;52;26;94;38;59;6;68;43;75;26;52;41;50;63;56;67;54;41;65;5;52;63;56;35;20;8;17;54;31;61;69;34;27;33;66;45;56;96;65;1;3;69;12;51;53;46;75;28;20;57;54;46;79;55;61;51;45;28;50;61;30;65;18193.707;5.4;1.617727272727273
2015-05-01;54;46;37;56;70;67;63;54;28;90;42;58;8;69;41;84;44;60;39;50;70;55;68;55;42;67;4;53;64;57;39;16;8;13;57;30;66;63;35;28;36;70;51;48;81;69;1;5;73;13;49;54;48;74;56;20;56;58;50;79;58;65;55;48;28;51;66;29;72;18193.707;5.6;1.6395
2015-06-01;53;48;37;63;67;76;53;53;28;89;43;60;9;75;35;90;38;63;30;57;68;52;72;68;45;66;5;50;64;52;49;16;9;14;54;32;63;61;29;27;38;72;53;45;89;65;5;4;78;14;52;59;47;70;36;20;58;57;53;77;56;64;52;48;29;52;67;29;66;18193.707;5.3;1.6327272727272728
2015-07-01;54;58;39;73;73;80;52;56;30;79;46;57;11;76;31;100;25;43;30;64;70;52;82;70;48;65;5;54;71;53;44;18;10;16;50;37;70;72;32;29;40;78;56;47;94;65;10;3;80;15;52;64;49;76;29;19;61;60;57;79;72;69;53;53;29;53;72;30;72;18306.96;5.2;1.4954545454545456
2015-08-01;54;44;37;68;73;81;53;55;36;73;46;57;10;73;36;85;34;46;27;61;71;48;79;58;42;67;5;53;68;57;27;22;9;14;52;35;72;81;31;28;39;68;55;49;88;65;14;3;79;15;50;59;59;73;32;20;60;54;53;78;59;68;51;48;28;57;68;30;68;18306.96;5.1;1.2295238095238097
2015-09-01;54;46;34;44;64;71;60;60;30;65;61;57;9;70;44;74;26;49;34;57;62;47;68;57;40;67;4;54;60;62;26;19;9;17;48;32;69;70;35;28;36;68;44;65;100;60;11;4;73;12;54;54;50;75;78;24;60;45;48;73;59;62;55;44;28;53;59;34;63;18306.96;5.0;1.1552380952380952
2015-10-01;54;60;32;39;58;70;72;60;29;74;47;56;10;73;43;76;21;40;33;60;60;45;69;58;37;67;4;53;64;55;25;18;10;18;45;28;69;69;37;28;38;63;43;66;98;59;7;4;64;12;52;55;51;73;41;25;62;42;49;72;63;67;52;44;27;52;57;29;62;18332.079;5.0;1.1742857142857144
2015-11-01;55;46;31;42;63;68;65;57;34;84;43;48;10;76;40;75;27;40;33;74;58;40;73;53;39;67;4;52;67;58;21;18;10;16;46;25;72;68;36;27;41;62;42;80;87;60;8;4;68;12;61;59;51;86;37;48;75;38;75;75;58;70;78;48;27;52;51;31;56;18332.079;5.1;1.2663157894736843
2015-12-01;52;42;35;54;61;72;60;57;32;88;48;47;12;66;33;76;31;40;37;86;60;39;69;52;37;62;5;55;80;61;22;18;12;23;42;22;69;58;36;28;43;59;40;61;76;60;14;4;74;12;59;56;44;79;37;100;69;36;73;82;57;68;67;41;28;51;56;34;63;18332.079;5.0;1.2386363636363635
2016-01-01;55;45;41;58;60;72;61;58;28;59;41;59;12;73;35;65;22;54;42;55;61;57;67;52;43;71;6;53;83;60;18;23;12;18;50;38;76;61;36;30;44;72;50;68;71;71;14;3;70;13;56;55;46;67;37;19;73;42;46;79;54;64;55;43;29;49;60;29;71;18425.306;4.8;1.1905263157894737
2016-02-01;57;50;39;56;65;61;74;60;28;60;39;60;13;78;38;77;31;70;49;51;75;53;69;53;42;71;5;56;73;59;19;22;11;18;49;35;71;71;40;34;47;65;50;50;90;74;24;3;76;12;53;58;47;63;43;24;64;47;44;77;56;66;50;49;33;50;61;32;74;18425.306;4.9;1.0835
2016-03-01;58;48;35;55;55;58;70;53;32;58;43;57;16;72;37;70;23;64;41;48;69;53;68;52;44;73;4;52;55;53;18;20;11;16;47;32;70;66;37;30;44;64;49;50;80;69;42;2;71;12;51;58;43;64;33;20;60;59;45;70;59;61;52;44;34;52;63;30;75;18425.306;5.0;1.4090909090909092
2016-04-01;58;45;36;50;58;54;77;57;24;58;39;58;17;72;39;70;20;60;42;47;68;53;70;51;41;65;4;56;60;54;16;20;11;17;51;33;70;62;40;30;46;67;54;50;78;69;20;5;72;14;53;62;44;62;32;23;54;57;45;79;70;67;57;45;36;48;64;29;78;18611.617;5.1;1.481904761904762
2016-05-01;60;45;37;55;64;55;66;54;25;60;40;60;19;72;36;77;16;54;41;52;68;52;77;54;44;69;5;56;61;56;17;18;12;13;50;33;73;59;39;33;46;68;59;47;73;71;23;3;76;13;55;63;45;64;31;25;55;62;53;76;62;65;61;54;45;51;69;29;88;18611.617;4.8;1.5204761904761903
2016-06-01;58;68;38;62;61;59;52;51;28;59;43;59;21;72;29;80;20;60;36;51;68;49;76;74;45;69;5;59;57;49;16;17;11;12;47;35;69;59;35;33;48;69;60;82;81;70;21;4;73;15;53;66;49;77;35;24;52;68;54;71;65;64;63;60;48;52;72;30;86;18611.617;4.9;1.4359090909090908
2016-07-01;62;43;37;61;65;60;47;53;39;62;44;56;24;71;27;82;17;54;35;57;81;50;74;65;46;66;4;59;59;51;16;18;15;12;43;38;75;68;36;32;52;67;68;40;70;71;38;4;75;15;54;70;48;76;44;16;54;67;58;71;72;64;61;64;50;60;73;30;86;18775.459;4.8;1.3885
2016-08-01;58;49;34;49;61;55;54;53;30;61;44;51;22;75;32;68;16;49;27;56;67;49;70;84;42;61;4;52;56;54;15;15;15;14;47;32;72;63;33;31;46;63;56;49;76;67;32;3;70;15;51;68;46;69;32;17;52;55;53;65;60;60;58;55;48;52;66;30;80;18775.459;4.9;1.3034782608695652
2016-09-01;56;49;31;40;62;58;61;53;34;57;72;55;22;70;38;62;13;48;32;54;65;44;68;52;38;63;4;53;54;54;16;16;12;15;41;34;74;63;38;31;48;67;50;75;80;58;29;5;70;13;52;65;46;65;33;21;56;53;50;67;56;62;63;53;47;56;62;33;72;18775.459;5.0;1.3495238095238096
2016-10-01;61;45;29;39;59;59;67;59;41;54;50;54;26;72;36;64;18;57;38;54;66;42;67;53;38;65;4;58;61;53;15;18;14;15;42;33;77;65;40;33;51;60;50;70;78;62;62;4;67;12;54;62;47;68;42;25;55;47;53;68;57;65;58;57;49;59;59;34;71;18968.041;4.9;1.5325
2016-11-01;59;52;29;40;58;56;69;69;57;55;46;50;22;71;37;59;17;47;38;68;58;39;72;84;38;66;4;54;64;55;13;26;16;14;43;27;76;64;41;32;50;63;45;54;74;60;100;5;71;12;52;67;48;73;39;49;64;48;78;66;57;78;69;56;40;65;56;35;66;18968.041;4.7;1.6615
2016-12-01;63;45;33;54;64;63;68;62;32;57;49;48;24;69;28;69;17;51;36;78;61;39;68;49;39;65;4;56;83;61;12;23;14;17;41;24;80;60;44;37;60;60;51;48;63;58;30;4;75;13;55;66;41;67;32;90;63;40;78;79;64;64;74;54;42;50;56;38;76;18968.041;4.7;1.8109523809523809
2017-01-01;58;55;41;57;65;65;69;59;42;54;42;58;22;75;37;65;17;56;44;59;68;62;71;56;47;69;4;53;82;60;12;26;13;19;58;39;70;55;42;35;61;76;53;50;80;59;74;4;67;13;52;68;43;68;36;20;64;45;49;73;64;66;60;59;50;59;66;34;67;19148.194;4.7;1.8855
2017-02-01;57;49;34;54;67;55;69;55;37;51;38;57;23;76;44;70;15;47;43;57;73;64;65;54;49;68;4;54;75;53;23;26;10;17;50;33;71;59;47;38;59;67;54;46;88;57;52;5;73;12;51;61;41;66;42;20;54;47;48;73;59;59;56;57;44;55;67;36;75;19148.194;4.6;1.8868421052631577
2017-03-01;63;54;35;54;69;58;76;61;36;56;40;61;26;81;41;73;19;50;41;59;73;61;69;58;52;72;4;58;76;53;26;26;11;16;64;34;72;63;44;38;62;69;58;51;88;56;35;5;76;12;52;63;45;75;42;21;53;63;51;72;64;66;60;56;49;56;75;37;85;19148.194;4.4;1.8365217391304347
2017-04-01;64;44;33;49;64;58;73;60;37;53;40;56;29;77;36;68;25;51;34;55;69;57;73;55;44;69;4;57;62;50;27;22;10;19;54;32;71;59;46;36;56;71;59;51;78;57;26;7;72;12;51;66;39;71;34;20;52;65;53;74;68;66;76;55;55;57;72;36;84;19304.506;4.4;1.7484210526315789
2017-05-01;63;50;36;54;65;56;71;56;38;56;40;59;30;79;37;73;18;52;34;62;74;55;74;54;46;68;4;59;64;51;54;21;10;15;58;39;74;57;46;39;60;72;63;46;74;56;33;6;76;14;55;67;39;72;40;22;49;63;57;74;71;65;68;62;57;55;76;35;93;19304.506;4.4;1.7463636363636363
2017-06-01;67;73;37;64;68;60;54;58;40;56;43;57;35;84;28;79;23;57;32;63;80;58;78;59;50;69;4;61;66;49;56;22;12;17;50;36;73;60;45;40;70;70;66;46;78;57;29;6;78;14;55;71;42;74;32;21;52;70;60;70;78;72;65;68;60;62;81;37;87;19304.506;4.3;1.6327272727272728
2017-07-01;70;61;36;63;78;59;54;63;35;54;44;55;38;81;27;85;25;58;32;67;85;58;79;61;50;68;4;63;67;49;54;21;12;16;52;40;78;70;45;42;73;78;70;43;72;59;27;7;85;15;57;77;49;66;34;17;56;73;64;73;79;66;63;67;64;57;82;37;86;19561.896;4.3;1.6415
2017-08-01;71;45;34;50;72;59;62;56;43;53;44;54;36;84;34;77;25;58;30;65;77;54;72;58;45;68;4;58;61;56;50;21;10;16;62;36;81;79;45;38;63;75;63;44;79;57;31;6;81;14;54;69;48;73;38;18;54;61;61;69;74;70;63;62;55;67;87;37;89;19561.896;4.4;1.6147826086956523
2017-09-01;68;74;29;37;63;55;59;55;40;49;62;53;34;81;35;74;41;60;31;63;65;50;69;55;41;87;4;53;59;59;61;20;10;16;54;33;77;68;47;36;62;70;53;61;78;55;23;5;73;13;53;64;47;64;30;20;51;54;54;64;66;68;61;60;49;65;68;40;78;19561.896;4.3;1.682
2017-10-01;68;49;29;37;66;61;71;67;43;47;52;56;35;80;36;71;24;55;32;66;70;49;71;54;41;73;4;58;61;53;78;29;11;16;50;33;81;61;51;39;62;72;54;55;88;50;26;7;74;13;53;64;47;65;39;27;54;50;56;65;75;73;60;62;52;63;66;41;74;19894.75;4.2;1.7314285714285713
2017-11-01;65;45;29;42;65;63;72;60;38;46;62;50;33;76;33;69;18;43;32;80;62;46;71;55;42;70;4;58;62;55;70;26;11;14;45;27;78;60;48;38;61;70;51;64;79;48;23;7;75;13;58;63;46;61;42;51;63;47;83;65;68;75;71;59;48;56;62;41;71;19894.75;4.2;1.752857142857143
2017-12-01;68;45;32;55;62;71;64;60;41;47;56;45;35;70;27;75;12;28;37;91;63;44;66;51;40;65;4;62;74;57;49;31;12;22;39;27;80;59;53;42;69;68;48;55;61;45;23;9;76;12;55;69;46;62;32;88;69;45;81;74;77;72;76;61;52;59;61;44;79;19894.75;4.1;1.766
2018-01-01;68;49;43;55;59;68;67;67;42;50;46;55;34;80;37;66;17;37;48;71;67;72;68;54;46;71;5;58;76;58;59;35;14;25;57;39;76;57;39;40;71;84;59;45;81;46;27;9;72;13;56;73;50;65;34;18;69;50;54;70;72;66;60;67;49;64;73;39;77;20155.486;4.0;1.9366666666666668
2018-02-01;70;50;34;49;72;62;73;61;42;48;40;56;36;83;37;72;18;38;46;63;71;64;66;69;46;72;4;65;62;54;57;36;10;23;47;33;73;61;48;44;69;76;58;45;86;44;22;27;79;12;55;67;49;61;32;20;58;52;54;70;71;67;56;65;48;61;71;41;77;20155.486;4.1;1.9652631578947368
2018-03-01;71;54;32;54;76;63;74;60;38;45;40;56;41;77;36;79;11;44;37;64;76;71;70;54;50;71;3;61;61;52;70;28;10;16;45;33;79;54;50;43;70;72;57;47;80;44;22;10;76;12;51;72;49;60;31;19;57;66;54;72;70;64;58;60;62;60;79;41;86;20155.486;4.0;2.021428571428572
2018-04-01;70;47;30;54;72;62;75;58;40;45;37;53;40;82;37;75;22;35;48;61;66;71;69;51;46;70;3;59;56;50;58;25;11;16;48;31;72;54;50;39;62;74;60;44;76;42;23;8;74;12;53;76;53;63;33;22;52;65;55;68;68;61;74;62;58;59;76;39;77;20470.197;4.0;2.049523809523809
2018-05-01;72;53;32;50;76;62;72;58;41;44;38;53;42;73;34;76;54;37;49;61;74;68;70;53;46;69;3;57;54;50;58;21;11;15;50;100;74;53;50;42;59;74;64;45;76;40;19;15;78;13;57;76;53;63;30;20;50;72;59;66;70;64;68;65;63;57;81;40;86;20470.197;3.8;2.1018181818181816
2018-06-01;76;100;33;64;69;60;65;56;42;48;41;53;52;80;27;87;28;42;32;63;78;63;71;55;53;72;3;66;52;48;77;22;10;17;46;39;70;56;51;43;69;79;69;41;79;42;25;8;80;14;57;74;55;66;32;19;52;77;60;68;78;68;70;71;67;60;83;41;88;20470.197;4.0;2.067619047619048
2018-07-01;78;68;34;61;81;60;61;58;42;50;43;49;55;79;26;90;18;35;29;74;86;69;75;55;49;73;4;66;58;49;78;21;13;15;43;37;77;60;53;44;74;82;75;38;76;42;25;17;86;15;60;81;57;66;33;17;59;81;66;68;89;65;66;84;68;61;92;42;86;20687.278;3.8;2.0423809523809524
2018-08-01;72;50;31;47;78;60;56;58;42;45;38;51;52;82;32;88;20;40;34;67;79;63;72;52;44;69;3;61;52;53;59;24;12;20;45;35;77;61;46;41;67;79;69;45;76;41;25;14;80;14;54;72;57;60;31;16;55;65;63;70;78;64;69;69;61;62;86;43;88;20687.278;3.8;1.9826086956521736
2018-09-01;73;51;27;38;72;59;68;62;46;44;59;55;50;75;36;75;85;34;36;64;65;56;65;52;42;74;3;60;51;56;53;28;12;16;41;34;77;56;54;43;69;82;60;72;84;39;22;29;74;12;56;71;58;62;34;22;54;61;57;64;72;69;66;69;63;66;82;41;74;20687.278;3.7;2.008421052631579
2018-10-01;70;59;26;36;68;61;73;68;46;43;42;51;47;75;37;74;53;38;36;66;69;51;66;52;40;73;4;63;50;53;53;29;13;20;44;34;76;54;52;43;65;75;56;57;87;39;23;18;72;12;56;69;51;65;33;26;54;52;57;59;81;67;65;70;60;60;76;40;67;20819.269;3.8;1.9872727272727275
2018-11-01;72;57;27;40;71;58;74;58;40;43;44;48;46;72;33;69;33;34;40;79;62;47;65;51;40;73;3;62;52;54;62;23;16;21;37;26;81;54;58;43;67;75;56;49;73;36;23;9;74;11;56;66;51;62;36;49;63;47;92;67;70;68;78;66;56;59;69;45;62;20819.269;3.8;1.8445
2018-12-01;75;52;31;55;67;79;71;56;36;46;49;43;50;67;28;78;34;32;49;83;72;48;61;47;39;72;4;69;65;59;47;28;15;32;38;28;79;47;51;47;74;73;58;51;62;36;24;10;73;12;57;68;56;63;29;86;69;47;88;72;79;67;81;71;60;54;76;46;73;20819.269;3.9;1.6015789473684212
2019-01-01;76;56;41;54;67;84;72;63;41;49;42;54;48;76;38;68;20;39;43;68;66;80;70;52;48;71;5;65;63;57;75;27;11;40;49;37;72;46;53;45;71;90;69;43;82;37;29;8;73;13;55;69;57;63;33;20;67;53;55;67;78;70;67;80;61;63;82;41;69;21013.085;4.0;1.628095238095238
2019-02-01;74;53;33;48;70;65;77;62;38;44;36;55;50;78;39;77;13;34;42;63;84;64;63;52;46;75;4;57;61;53;41;26;10;21;41;33;74;51;54;50;71;76;66;42;88;35;24;10;79;11;54;69;52;59;35;21;55;53;56;67;75;70;61;72;56;59;84;44;70;21013.085;3.8;1.7573684210526317
2019-03-01;80;56;31;52;77;61;81;60;38;42;38;54;57;81;37;78;12;36;43;65;82;63;65;49;46;75;3;63;52;52;40;23;10;18;44;33;77;55;55;47;73;72;67;47;81;35;17;10;80;11;56;70;48;62;35;18;55;77;58;64;79;65;66;75;64;58;90;43;87;21013.085;3.8;1.816190476190476
2019-04-01;76;49;29;45;68;60;75;59;37;42;35;52;56;75;37;75;18;36;40;62;78;63;67;49;43;73;4;58;43;50;33;24;10;19;45;29;73;50;50;43;61;74;69;43;83;33;16;10;74;13;56;69;51;62;28;19;51;71;59;67;80;67;67;74;65;55;83;41;80;21272.448;3.6;1.8385714285714287
2019-05-01;78;51;31;47;70;62;70;58;35;45;37;49;60;78;35;77;13;38;48;68;73;55;66;49;45;70;3;62;45;50;33;23;9;17;43;30;83;46;51;47;61;79;68;41;75;35;16;9;80;13;56;75;51;64;30;20;47;81;63;64;87;65;86;82;82;58;86;43;84;21272.448;3.7;1.7081818181818182
2019-06-01;84;65;33;54;71;65;57;57;35;45;38;51;73;78;26;87;15;36;33;73;81;51;67;63;49;68;4;65;49;44;27;20;12;16;44;33;74;48;51;44;67;78;71;39;78;38;18;7;79;15;58;81;53;61;39;18;49;87;66;64;100;69;74;93;77;53;93;44;87;21272.448;3.6;1.549
2019-07-01;83;65;34;55;80;68;57;58;39;46;38;46;74;85;27;82;18;36;31;82;79;56;72;69;46;69;4;66;49;48;23;20;11;15;43;36;77;56;54;46;64;76;74;35;77;36;21;7;82;15;72;83;59;65;28;16;52;84;71;65;96;68;80;90;76;57;97;43;85;21531.839;3.7;1.5795454545454544
2019-08-01;82;47;30;43;78;59;54;59;40;44;39;48;69;84;33;75;15;37;31;78;77;50;68;52;43;67;3;63;44;51;24;23;9;16;47;33;77;55;50;43;62;79;68;41;76;35;20;6;81;25;61;73;54;63;28;17;48;71;66;62;81;73;77;84;81;56;92;45;88;21531.839;3.7;1.3804545454545456
2019-09-01;78;52;32;39;72;60;66;61;40;42;60;53;64;80;38;69;15;38;33;71;73;50;63;54;43;79;3;62;46;54;22;20;10;16;42;36;73;51;54;43;58;76;63;57;83;33;22;6;80;100;59;73;55;61;33;20;53;61;60;61;78;63;75;85;70;61;83;44;76;21531.839;3.5;1.3935
2019-10-01;76;49;29;35;69;59;68;63;47;41;45;50;61;81;35;66;16;37;37;73;65;46;61;45;41;74;4;60;45;51;22;21;11;16;43;32;73;47;51;43;60;72;61;51;84;31;26;8;71;12;58;67;55;62;32;25;53;57;58;56;76;62;66;81;68;56;80;44;71;21706.532;3.6;1.4022727272727271
2019-11-01;79;56;30;42;74;62;68;68;39;42;43;45;61;72;31;67;15;41;39;85;70;42;63;47;38;74;4;61;53;51;19;22;12;18;41;24;76;45;55;44;59;69;57;51;74;32;23;14;75;12;62;73;54;59;34;43;64;54;84;61;83;67;87;73;70;52;77;47;66;21706.532;3.6;1.5484210526315787
2019-12-01;78;46;33;62;69;67;64;57;42;44;48;41;62;73;27;65;17;38;40;95;68;41;65;46;42;71;4;65;61;60;18;24;13;24;39;24;81;45;55;48;67;67;56;44;61;33;32;10;76;12;100;73;57;62;31;84;65;54;85;65;92;70;88;75;69;53;76;49;73;21706.532;3.6;1.6214285714285714
2020-01-01;79;51;40;56;71;74;67;65;52;42;39;50;60;87;38;61;23;46;44;73;74;62;69;55;49;76;4;65;62;58;18;31;10;21;59;37;71;41;54;48;69;83;66;40;81;31;26;12;72;13;79;71;62;69;33;20;65;56;54;67;77;62;74;83;71;64;87;45;69;21538.032;3.5;1.6523809523809525
2020-02-01;77;57;32;50;82;63;72;68;49;42;35;53;62;82;37;68;18;50;46;70;78;56;65;56;54;74;4;66;59;53;19;37;9;20;47;33;75;46;54;54;71;79;66;41;89;30;27;11;78;13;64;73;57;63;33;20;54;58;52;62;74;68;67;73;79;57;88;45;73;21538.032;3.5;1.5810526315789475
2020-03-01;78;65;28;34;64;86;73;63;69;39;35;44;51;77;34;37;38;44;35;84;41;37;57;100;73;79;46;100;58;51;17;86;10;25;72;23;67;40;91;80;93;64;55;42;74;32;36;10;62;17;61;75;54;77;31;24;58;68;76;59;77;100;66;67;92;100;70;76;58;21538.032;4.4;0.6745454545454544
2020-04-01;80;46;12;26;71;100;75;58;54;40;39;47;47;71;32;18;37;38;43;93;18;37;49;81;37;83;100;87;73;61;17;68;13;100;100;19;78;64;100;100;100;56;74;35;74;33;28;9;65;17;77;87;57;67;29;25;80;86;87;76;74;84;56;78;78;72;41;100;40;19636.731;14.7;0.7585714285714285
2020-05-01;79;45;22;41;91;87;67;52;50;41;40;49;59;71;29;29;19;50;47;96;30;44;55;65;41;84;55;73;63;58;16;49;11;36;86;22;81;58;75;75;73;63;85;32;66;31;24;82;86;12;72;92;57;59;28;24;70;100;88;69;79;75;78;91;87;60;57;87;83;19636.731;13.2;0.765
2020-06-01;81;50;29;55;92;72;55;57;51;42;41;46;74;79;29;45;30;57;38;89;42;46;56;64;47;79;46;71;58;56;15;64;10;16;69;26;81;51;56;59;70;67;86;35;70;33;44;19;93;13;65;88;55;61;26;21;62;95;85;60;81;72;81;87;100;70;70;65;100;19636.731;11.0;1.014090909090909
2020-07-01;83;46;24;48;97;74;56;67;48;44;42;47;75;79;30;44;15;55;41;84;50;46;57;63;55;76;52;76;57;54;15;46;11;16;68;30;83;51;57;59;74;63;81;35;74;31;33;19;87;15;68;91;61;61;23;19;64;97;76;61;71;74;70;97;82;62;68;68;82;21362.428;10.2;1.3131818181818182
2020-08-01;82;45;22;41;86;72;59;68;48;41;39;44;72;77;31;49;13;53;39;80;57;43;56;57;47;71;59;63;53;59;14;44;11;16;63;31;80;48;56;53;66;70;73;31;70;29;40;13;83;14;65;81;54;59;23;18;59;80;67;57;72;71;74;93;81;60;71;63;67;21362.428;8.4;1.5504761904761903
2020-09-01;79;48;22;35;81;79;62;56;46;40;42;50;67;77;35;44;12;44;37;77;56;40;56;52;45;78;40;57;47;60;16;39;16;16;58;40;77;47;62;51;59;68;68;33;75;27;37;12;77;12;67;79;53;55;26;22;57;67;61;54;80;67;65;79;76;56;62;59;72;21362.428;7.9;1.5323809523809524
2020-10-01;79;51;22;33;82;68;63;61;62;42;49;51;73;77;28;48;16;60;38;86;58;40;57;54;44;81;28;66;51;51;14;35;16;18;44;28;79;45;62;52;61;68;70;28;72;28;70;8;77;12;66;84;56;65;27;27;59;64;69;54;75;69;69;85;82;62;61;57;68;21704.706;6.9;1.560952380952381
2020-11-01;77;48;21;38;68;65;59;57;100;39;47;44;65;71;23;36;13;55;40;87;48;34;54;63;45;76;23;60;48;47;12;42;17;14;36;24;81;41;65;49;60;62;59;32;57;27;86;14;69;12;69;84;53;66;28;43;63;57;100;50;73;69;84;79;73;78;56;62;53;21704.706;6.7;1.6252631578947367
2020-12-01;81;44;22;54;80;73;57;59;48;42;48;39;71;70;21;37;17;64;38;100;43;34;57;50;40;77;35;64;56;55;12;49;16;23;40;23;85;40;65;58;65;62;63;33;55;26;31;15;77;13;67;86;54;61;26;72;71;56;93;55;88;77;89;86;85;58;58;64;63;21704.706;6.7;1.8654545454545453
2021-01-01;80;47;27;41;77;76;56;63;59;43;39;48;71;80;22;36;19;60;46;78;54;48;56;53;45;79;37;62;55;54;13;96;13;19;49;40;78;42;65;53;69;63;71;30;61;27;59;36;78;14;65;84;52;65;29;17;65;63;67;56;74;70;74;85;73;67;62;57;62;22313.85;6.3;2.103157894736842
2021-02-01;80;47;27;46;88;69;65;62;46;44;36;45;72;85;25;47;60;63;41;76;66;46;56;52;49;87;33;64;51;52;14;100;12;21;45;31;83;41;63;56;65;67;66;33;70;26;19;33;86;13;69;89;51;62;27;22;64;63;65;56;90;80;68;82;74;55;72;55;66;22313.85;6.2;2.311578947368421
2021-03-01;83;56;24;54;98;55;60;62;43;40;35;46;84;85;24;54;23;56;37;80;70;44;56;50;52;81;31;63;43;56;17;54;10;29;39;31;79;47;71;49;58;55;75;33;69;25;9;17;94;12;62;84;46;57;24;20;53;71;65;51;79;68;74;83;73;52;78;55;85;22313.85;6.1;2.4969565217391305
2021-04-01;90;49;24;55;95;54;61;63;42;43;34;46;87;84;25;58;15;58;42;72;75;43;58;49;56;82;23;68;43;47;16;48;11;21;41;33;81;43;63;50;59;60;80;44;67;23;7;21;92;13;65;82;49;61;24;20;48;84;64;55;86;72;74;84;72;52;79;55;89;23046.934;6.1;2.5295454545454543
2021-05-01;87;55;27;58;91;55;55;62;43;43;35;44;92;82;24;70;20;59;36;72;80;41;60;51;55;77;25;65;44;48;20;47;9;18;42;34;77;36;62;50;56;62;76;28;55;24;7;58;89;14;68;88;49;62;32;20;46;88;64;52;89;73;77;81;78;52;88;54;90;23046.934;5.8;2.6495
2021-06-01;91;67;29;62;92;57;51;65;43;44;37;41;93;89;21;71;31;64;31;78;80;41;61;57;57;77;19;67;40;44;18;43;13;17;38;35;74;34;61;49;57;70;77;30;62;24;8;16;89;13;64;92;56;60;26;20;47;90;62;51;89;77;74;85;88;49;88;51;89;23046.934;5.9;2.4645454545454544
2021-07-01;99;82;28;57;97;56;49;65;43;50;37;40;100;85;20;75;24;58;31;72;94;39;64;83;58;81;16;69;44;45;18;31;12;18;45;37;87;41;62;48;57;69;80;27;61;24;8;14;91;14;71;96;51;59;21;16;48;86;65;51;87;81;71;88;79;50;92;50;93;23550.42;5.4;2.4966666666666666
2021-08-01;95;59;26;50;85;56;49;67;55;44;35;41;98;84;24;67;20;65;29;74;77;37;59;72;56;74;17;64;44;48;19;29;10;14;57;35;87;40;58;47;56;69;75;29;59;24;8;12;81;14;68;90;52;67;23;17;48;77;64;52;83;76;78;83;77;60;83;50;91;23550.42;5.2;2.493636363636364
2021-09-01;85;57;24;43;82;55;55;64;54;46;52;48;92;87;31;64;19;67;29;71;72;35;57;51;50;79;14;65;39;47;22;28;11;19;57;36;79;36;59;46;53;71;68;45;76;23;7;15;81;13;65;82;51;62;30;21;46;71;57;51;82;71;80;79;72;55;78;49;84;23550.42;4.8;2.4966666666666666
2021-10-01;90;57;22;43;75;65;58;66;48;43;42;46;86;82;27;61;34;69;31;74;73;34;63;47;48;78;7;62;46;47;18;31;12;23;56;34;89;36;58;46;48;67;65;41;70;26;7;19;75;13;69;79;50;60;25;27;50;68;62;50;82;74;78;80;74;52;75;49;78;24349.121;4.5;2.745
2021-11-01;91;67;24;46;77;57;60;63;55;45;43;45;85;83;26;57;41;67;35;81;68;34;62;57;52;81;6;65;44;51;20;36;15;19;57;31;90;35;65;44;49;67;62;42;68;23;6;26;83;12;69;81;51;63;29;45;55;60;83;52;83;77;100;78;77;54;81;52;78;24349.121;4.2;2.9825
2021-12-01;89;50;25;60;76;61;53;62;53;48;47;37;84;79;21;61;16;50;34;91;68;31;61;51;55;76;6;68;49;54;21;32;18;26;50;24;88;30;63;52;56;66;63;32;56;23;6;24;76;14;67;78;49;65;28;74;56;59;83;55;93;78;91;85;80;54;76;53;77;24349.121;3.9;2.7490909090909086
2022-01-01;82;54;29;56;89;71;57;66;47;39;41;54;68;87;26;60;16;46;46;79;71;43;65;59;59;93;7;69;64;58;23;37;20;28;50;38;83;28;65;51;50;90;77;39;79;21;6;18;81;13;77;89;44;57;33;23;63;60;60;60;71;79;79;100;68;53;77;58;63;24740.48;4.0;2.797
2022-02-01;89;59;30;49;100;63;69;66;54;42;38;61;73;85;29;84;27;48;50;76;90;43;66;67;60;93;6;71;54;54;34;35;11;26;51;37;82;31;67;50;48;86;86;40;91;21;8;21;94;13;74;82;100;73;28;26;57;64;53;62;68;81;69;73;68;63;88;53;74;24740.48;3.8;2.8705263157894736
2022-03-01;92;67;30;51;99;59;69;69;54;37;37;60;76;87;31;87;100;52;58;75;100;45;69;60;61;97;5;71;55;55;35;34;11;25;54;37;82;33;72;44;46;83;76;63;82;20;7;26;100;13;72;82;52;69;31;25;50;76;53;60;64;82;65;72;45;59;100;56;85;24740.48;3.6;3.4108695652173915
2022-04-01;91;60;28;49;95;62;74;70;40;37;35;58;76;82;37;90;41;48;68;71;85;41;71;51;61;100;5;72;52;55;36;31;13;27;56;37;81;27;77;41;43;85;86;48;79;20;6;100;87;14;73;85;46;61;30;26;48;77;54;63;67;82;68;78;45;46;92;48;82;25248.476;3.6;3.3155
2022-05-01;93;59;28;48;92;58;65;100;42;35;35;54;77;77;31;85;48;41;63;73;79;40;67;51;59;94;5;72;49;54;31;30;10;20;51;37;78;27;72;43;42;90;83;40;75;20;5;53;88;13;78;84;43;58;29;24;46;87;54;60;61;82;72;96;45;46;94;51;79;25248.476;3.6;3.0271428571428567
2022-06-01;94;65;30;55;91;59;53;75;43;38;38;52;79;87;27;92;74;51;45;78;79;42;70;54;62;94;5;73;46;52;27;26;10;20;53;36;83;29;62;41;43;90;82;42;76;22;7;32;92;14;78;98;46;57;33;21;47;84;59;59;64;85;73;86;55;48;99;48;82;25248.476;3.6;2.893333333333333
2022-07-01;100;55;30;56;94;63;52;66;41;39;39;50;85;83;24;98;43;53;44;84;84;40;72;56;55;91;5;77;50;52;33;22;10;21;52;41;85;31;58;41;45;98;86;33;73;21;13;37;90;15;79;100;46;57;30;18;52;84;61;63;70;78;78;87;53;48;100;47;76;25723.941;3.5;2.5835
2022-08-01;92;53;28;49;93;65;49;63;45;38;38;52;77;91;33;86;32;48;41;80;82;38;73;53;51;89;5;74;51;59;47;25;11;29;57;42;87;34;60;39;43;100;87;37;81;20;12;19;90;24;80;97;45;60;30;21;50;76;57;61;63;78;74;76;49;51;95;48;87;25723.941;3.7;2.683913043478261
2022-09-01;88;64;24;37;87;60;60;58;41;36;51;54;74;78;33;78;22;46;69;75;69;35;64;50;48;90;5;67;48;57;37;23;11;32;48;38;85;28;61;40;38;87;68;49;79;20;9;15;82;13;74;84;42;70;32;24;46;67;52;55;59;78;73;73;46;51;85;46;72;25723.941;3.5;2.4504761904761905
2022-10-01;90;55;23;35;84;62;62;67;38;36;39;56;72;81;33;76;31;41;46;79;67;35;64;49;44;94;4;69;53;54;21;23;12;33;46;33;82;28;67;38;37;83;76;49;82;19;7;32;79;12;74;79;41;60;30;26;50;61;52;56;66;81;70;76;43;44;79;49;70;26137.992;3.7;2.4705
2022-11-01;83;100;24;38;79;61;57;62;48;34;39;54;67;77;30;60;20;37;46;83;62;33;62;77;46;88;5;70;52;55;24;22;12;25;35;28;84;28;65;37;35;80;67;49;76;18;11;46;77;11;74;81;39;61;29;43;52;56;67;53;39;78;88;68;43;47;76;47;61;26137.992;3.6;2.4445
2022-12-01;87;56;28;58;82;65;62;58;39;35;42;49;72;75;25;61;21;37;42;98;65;33;62;55;47;90;5;76;63;61;22;22;14;32;35;25;84;26;63;44;42;77;71;41;65;19;8;43;78;11;78;85;42;59;25;73;56;55;68;59;43;78;82;69;48;48;82;48;63;26137.992;3.5;2.316666666666667
2023-01-01;85;55;34;48;88;62;60;65;41;35;37;58;66;86;30;58;24;39;46;76;67;42;69;50;51;87;7;67;60;60;19;26;12;28;50;35;82;22;56;38;36;91;87;42;80;18;5;21;81;10;76;84;41;57;30;23;54;59;48;55;36;83;66;66;38;49;91;44;60;26486.287;3.4;2.234
2023-02-01;88;56;29;41;92;58;70;62;42;36;36;66;65;86;34;59;26;38;52;73;75;40;66;50;51;94;6;70;55;59;21;26;21;30;42;33;76;25;73;42;37;88;86;41;92;19;5;18;82;10;76;84;39;60;30;26;49;60;47;59;38;76;64;64;42;47;92;46;64;26486.287;3.6;2.4468421052631575
2023-03-01;92;78;29;44;96;54;71;63;43;35;34;63;71;90;33;68;20;39;49;75;76;43;66;61;55;94;6;72;51;56;29;25;11;29;43;35;79;27;74;37;35;82;100;47;89;18;13;20;85;11;74;87;37;58;31;23;48;76;46;59;38;72;66;65;47;49;95;44;67;26486.287;3.5;2.3778260869565218